{
    "llegadas": [
        703.3331196671679,
        -4.3000597880454645
    ],
    "salidas_junior": [
        7914.5089470673065,
        -1835.7082084704923
    ],
    "salidas_semisenior": [
        7784.7768750074965,
        -537.4866632545233
    ],
    "salidas_senior": [
        5754.657608956089,
        -292.00286731880686
    ]
}