{"llegadas": [701.078085206889, 15.644957426087927], "salidas_junior": [7.494170259844148e-51, -3.963309491435803e-46, 9.557915358284148e-42, -1.3923662333824268e-37, 1.3681732980105683e-33, -9.589766915751907e-30, 4.9443886414044284e-26, -1.9060737832425643e-22, 5.529727251384033e-19, -1.2056197312704054e-15, 1.958263344739965e-12, -2.330103968815705e-09, 1.9762983250405663e-06, -0.001144320161850949, 0.4213169018683025, -86.60307828107597, 7309.97024205246], "maximo_x_junior": 7080, "maximo_y_junior": 0.0783132530120482, "salidas_semisenior": [-3.28690228365261e-55, 1.7013322027354604e-50, -4.0085360745875655e-46, 5.694120765856743e-42, -5.444465527448791e-38, 3.704975451080397e-34, -1.8502007437642404e-30, 6.891600059393475e-27, -1.9273714330963116e-23, 4.04384317053659e-20, -6.318069987040546e-17, 7.247831090350817e-14, -5.971714167936914e-11, 3.419159837007056e-08, -1.2936034424144058e-05, 0.002983755148900307, -0.36477944821242647, 17.534564038224744], "maximo_x_semisenior": 7080, "maximo_y_semisenior": 0.028846153846153848, "salidas_senior": [1.175428746923355e-41, -4.019905532775908e-37, 5.926271468935349e-33, -4.9437076873964634e-29, 2.5777429710272687e-25, -8.773642426233327e-22, 1.982460700085988e-18, -2.979469726299864e-15, 2.9551581777269942e-12, -1.902474113726326e-09, 7.738146531462616e-07, -0.0001892458668065875, 0.024173051663524858, -0.8899406817491787], "maximo_x_senior": 7080, "maximo_y_senior": 0.015873015873015872}